Region,Region_ID,Date_Confirmed,Daily_SINAVE,Total_SINAVE
AGUASCALIENTES,1,2020-05-06,3.0,292
AGUASCALIENTES,1,2020-05-05,3.0,289
AGUASCALIENTES,1,2020-05-04,21.0,286
AGUASCALIENTES,1,2020-05-03,12.0,265
AGUASCALIENTES,1,2020-05-02,29.0,253
AGUASCALIENTES,1,2020-05-01,19.0,224
AGUASCALIENTES,1,2020-04-30,20.0,205
AGUASCALIENTES,1,2020-04-29,18.0,185
AGUASCALIENTES,1,2020-04-28,6.0,167
AGUASCALIENTES,1,2020-04-27,13.0,161
AGUASCALIENTES,1,2020-04-26,1.0,148
AGUASCALIENTES,1,2020-04-25,1.0,147
AGUASCALIENTES,1,2020-04-24,40.0,146
AGUASCALIENTES,1,2020-04-23,6.0,106
AGUASCALIENTES,1,2020-04-22,19.0,100
AGUASCALIENTES,1,2020-04-21,0.0,81
AGUASCALIENTES,1,2020-04-20,0.0,81
AGUASCALIENTES,1,2020-04-19,4.0,81
AGUASCALIENTES,1,2020-04-18,0.0,77
AGUASCALIENTES,1,2020-04-17,6.0,77
AGUASCALIENTES,1,2020-04-16,6.0,71
AGUASCALIENTES,1,2020-04-15,0.0,65
AGUASCALIENTES,1,2020-04-14,10.0,65
AGUASCALIENTES,1,2020-04-13,0.0,55
AGUASCALIENTES,1,2020-04-12,0.0,55
AGUASCALIENTES,1,2020-04-11,2.0,55
AGUASCALIENTES,1,2020-04-10,0.0,53
AGUASCALIENTES,1,2020-04-09,0.0,53
AGUASCALIENTES,1,2020-04-08,0.0,53
AGUASCALIENTES,1,2020-04-07,4.0,53
AGUASCALIENTES,1,2020-04-06,0.0,49
AGUASCALIENTES,1,2020-04-05,0.0,49
AGUASCALIENTES,1,2020-04-04,1.0,49
AGUASCALIENTES,1,2020-04-03,1.0,48
AGUASCALIENTES,1,2020-04-02,11.0,47
AGUASCALIENTES,1,2020-04-01,0.0,36
BAJA CALIFORNIA,2,2020-04-01,,37
BAJA CALIFORNIA,2,2020-04-02,1.0,38
BAJA CALIFORNIA,2,2020-04-03,11.0,49
BAJA CALIFORNIA,2,2020-04-04,5.0,54
BAJA CALIFORNIA,2,2020-04-05,15.0,69
BAJA CALIFORNIA,2,2020-04-06,43.0,112
BAJA CALIFORNIA,2,2020-04-07,22.0,134
BAJA CALIFORNIA,2,2020-04-08,90.0,224
BAJA CALIFORNIA,2,2020-04-09,14.0,238
BAJA CALIFORNIA,2,2020-04-10,20.0,258
BAJA CALIFORNIA,2,2020-04-11,21.0,279
BAJA CALIFORNIA,2,2020-04-12,57.0,336
BAJA CALIFORNIA,2,2020-04-13,31.0,367
BAJA CALIFORNIA,2,2020-04-14,44.0,411
BAJA CALIFORNIA,2,2020-04-15,52.0,463
BAJA CALIFORNIA,2,2020-04-16,41.0,504
BAJA CALIFORNIA,2,2020-04-17,30.0,534
BAJA CALIFORNIA,2,2020-04-18,74.0,608
BAJA CALIFORNIA,2,2020-04-19,71.0,679
BAJA CALIFORNIA,2,2020-04-20,61.0,740
BAJA CALIFORNIA,2,2020-04-21,174.0,914
BAJA CALIFORNIA,2,2020-04-22,71.0,985
BAJA CALIFORNIA,2,2020-04-23,90.0,1075
BAJA CALIFORNIA,2,2020-04-24,81.0,1156
BAJA CALIFORNIA,2,2020-04-25,41.0,1197
BAJA CALIFORNIA,2,2020-04-26,74.0,1271
BAJA CALIFORNIA,2,2020-04-27,30.0,1301
BAJA CALIFORNIA,2,2020-04-28,90.0,1391
BAJA CALIFORNIA,2,2020-04-29,104.0,1495
BAJA CALIFORNIA,2,2020-04-30,62.0,1557
BAJA CALIFORNIA,2,2020-05-01,12.0,1569
BAJA CALIFORNIA,2,2020-05-02,13.0,1582
BAJA CALIFORNIA,2,2020-05-03,78.0,1660
BAJA CALIFORNIA,2,2020-05-04,148.0,1808
BAJA CALIFORNIA,2,2020-05-05,181.0,1989
BAJA CALIFORNIA,2,2020-05-06,108.0,2097
BAJA CALIFORNIA SUR,3,2020-05-06,7.0,358
BAJA CALIFORNIA SUR,3,2020-05-05,7.0,351
BAJA CALIFORNIA SUR,3,2020-05-04,5.0,344
BAJA CALIFORNIA SUR,3,2020-05-03,9.0,339
BAJA CALIFORNIA SUR,3,2020-05-02,8.0,330
BAJA CALIFORNIA SUR,3,2020-05-01,14.0,322
BAJA CALIFORNIA SUR,3,2020-04-30,7.0,308
BAJA CALIFORNIA SUR,3,2020-04-29,9.0,301
BAJA CALIFORNIA SUR,3,2020-04-28,7.0,292
BAJA CALIFORNIA SUR,3,2020-04-27,1.0,285
BAJA CALIFORNIA SUR,3,2020-04-26,18.0,284
BAJA CALIFORNIA SUR,3,2020-04-25,19.0,266
BAJA CALIFORNIA SUR,3,2020-04-24,6.0,247
BAJA CALIFORNIA SUR,3,2020-04-23,1.0,241
BAJA CALIFORNIA SUR,3,2020-04-22,12.0,240
BAJA CALIFORNIA SUR,3,2020-04-21,23.0,228
BAJA CALIFORNIA SUR,3,2020-04-20,12.0,205
BAJA CALIFORNIA SUR,3,2020-04-19,20.0,193
BAJA CALIFORNIA SUR,3,2020-04-18,4.0,173
BAJA CALIFORNIA SUR,3,2020-04-17,3.0,169
BAJA CALIFORNIA SUR,3,2020-04-16,1.0,166
BAJA CALIFORNIA SUR,3,2020-04-15,1.0,165
BAJA CALIFORNIA SUR,3,2020-04-14,11.0,164
BAJA CALIFORNIA SUR,3,2020-04-13,33.0,153
BAJA CALIFORNIA SUR,3,2020-04-12,18.0,120
BAJA CALIFORNIA SUR,3,2020-04-11,17.0,102
BAJA CALIFORNIA SUR,3,2020-04-10,17.0,85
BAJA CALIFORNIA SUR,3,2020-04-09,0.0,68
BAJA CALIFORNIA SUR,3,2020-04-08,12.0,68
BAJA CALIFORNIA SUR,3,2020-04-07,2.0,56
BAJA CALIFORNIA SUR,3,2020-04-06,25.0,54
BAJA CALIFORNIA SUR,3,2020-04-05,1.0,29
BAJA CALIFORNIA SUR,3,2020-04-04,7.0,28
BAJA CALIFORNIA SUR,3,2020-04-03,1.0,21
BAJA CALIFORNIA SUR,3,2020-04-02,1.0,20
BAJA CALIFORNIA SUR,3,2020-04-01,,19
CAMPECHE,4,2020-04-01,,6
CAMPECHE,4,2020-04-02,0.0,6
CAMPECHE,4,2020-04-03,1.0,7
CAMPECHE,4,2020-04-04,1.0,8
CAMPECHE,4,2020-04-05,0.0,8
CAMPECHE,4,2020-04-06,1.0,9
CAMPECHE,4,2020-04-07,5.0,14
CAMPECHE,4,2020-04-08,0.0,14
CAMPECHE,4,2020-04-09,0.0,14
CAMPECHE,4,2020-04-10,1.0,15
CAMPECHE,4,2020-04-11,3.0,18
CAMPECHE,4,2020-04-12,2.0,20
CAMPECHE,4,2020-04-13,2.0,22
CAMPECHE,4,2020-04-14,3.0,25
CAMPECHE,4,2020-04-15,3.0,28
CAMPECHE,4,2020-04-16,0.0,28
CAMPECHE,4,2020-04-17,1.0,29
CAMPECHE,4,2020-04-18,8.0,37
CAMPECHE,4,2020-04-19,1.0,38
CAMPECHE,4,2020-04-20,5.0,43
CAMPECHE,4,2020-04-21,3.0,46
CAMPECHE,4,2020-04-22,3.0,49
CAMPECHE,4,2020-04-23,0.0,49
CAMPECHE,4,2020-04-24,11.0,60
CAMPECHE,4,2020-04-25,3.0,63
CAMPECHE,4,2020-04-26,6.0,69
CAMPECHE,4,2020-04-27,7.0,76
CAMPECHE,4,2020-04-28,5.0,81
CAMPECHE,4,2020-04-29,6.0,87
CAMPECHE,4,2020-04-30,6.0,93
CAMPECHE,4,2020-05-01,7.0,100
CAMPECHE,4,2020-05-02,9.0,109
CAMPECHE,4,2020-05-03,4.0,113
CAMPECHE,4,2020-05-04,9.0,122
CAMPECHE,4,2020-05-05,3.0,125
CAMPECHE,4,2020-05-06,22.0,147
COAHUILA,5,2020-05-06,2.0,491
COAHUILA,5,2020-05-05,13.0,489
COAHUILA,5,2020-05-04,23.0,476
COAHUILA,5,2020-05-03,13.0,453
COAHUILA,5,2020-05-02,20.0,440
COAHUILA,5,2020-05-01,13.0,420
COAHUILA,5,2020-04-30,38.0,407
COAHUILA,5,2020-04-29,1.0,369
COAHUILA,5,2020-04-28,10.0,368
COAHUILA,5,2020-04-27,10.0,358
COAHUILA,5,2020-04-26,8.0,348
COAHUILA,5,2020-04-25,23.0,340
COAHUILA,5,2020-04-24,22.0,317
COAHUILA,5,2020-04-23,11.0,295
COAHUILA,5,2020-04-22,13.0,284
COAHUILA,5,2020-04-21,11.0,271
COAHUILA,5,2020-04-20,17.0,260
COAHUILA,5,2020-04-19,5.0,243
COAHUILA,5,2020-04-18,15.0,238
COAHUILA,5,2020-04-17,3.0,223
COAHUILA,5,2020-04-16,21.0,220
COAHUILA,5,2020-04-15,1.0,199
COAHUILA,5,2020-04-14,18.0,198
COAHUILA,5,2020-04-13,19.0,180
COAHUILA,5,2020-04-12,1.0,161
COAHUILA,5,2020-04-11,13.0,160
COAHUILA,5,2020-04-10,13.0,147
COAHUILA,5,2020-04-09,8.0,134
COAHUILA,5,2020-04-08,14.0,126
COAHUILA,5,2020-04-07,7.0,112
COAHUILA,5,2020-04-06,21.0,105
COAHUILA,5,2020-04-05,11.0,84
COAHUILA,5,2020-04-04,2.0,73
COAHUILA,5,2020-04-03,7.0,71
COAHUILA,5,2020-04-02,5.0,64
COAHUILA,5,2020-04-01,,59
COLIMA,6,2020-04-01,,3
COLIMA,6,2020-04-02,0.0,3
COLIMA,6,2020-04-03,1.0,4
COLIMA,6,2020-04-04,0.0,4
COLIMA,6,2020-04-05,0.0,4
COLIMA,6,2020-04-06,0.0,4
COLIMA,6,2020-04-07,1.0,5
COLIMA,6,2020-04-08,2.0,7
COLIMA,6,2020-04-09,0.0,7
COLIMA,6,2020-04-10,0.0,7
COLIMA,6,2020-04-11,0.0,7
COLIMA,6,2020-04-12,0.0,7
COLIMA,6,2020-04-13,1.0,8
COLIMA,6,2020-04-14,0.0,8
COLIMA,6,2020-04-15,0.0,8
COLIMA,6,2020-04-16,0.0,8
COLIMA,6,2020-04-17,2.0,10
COLIMA,6,2020-04-18,1.0,11
COLIMA,6,2020-04-19,1.0,12
COLIMA,6,2020-04-20,0.0,12
COLIMA,6,2020-04-21,3.0,15
COLIMA,6,2020-04-22,0.0,15
COLIMA,6,2020-04-23,1.0,16
COLIMA,6,2020-04-24,0.0,16
COLIMA,6,2020-04-25,1.0,17
COLIMA,6,2020-04-26,2.0,19
COLIMA,6,2020-04-27,5.0,24
COLIMA,6,2020-04-28,2.0,26
COLIMA,6,2020-04-29,0.0,26
COLIMA,6,2020-04-30,1.0,27
COLIMA,6,2020-05-01,1.0,28
COLIMA,6,2020-05-02,1.0,29
COLIMA,6,2020-05-03,0.0,29
COLIMA,6,2020-05-04,1.0,30
COLIMA,6,2020-05-05,1.0,31
COLIMA,6,2020-05-06,0.0,31
CHIAPAS,7,2020-05-06,22.0,263
CHIAPAS,7,2020-05-05,10.0,241
CHIAPAS,7,2020-05-04,4.0,231
CHIAPAS,7,2020-05-03,11.0,227
CHIAPAS,7,2020-05-02,23.0,216
CHIAPAS,7,2020-05-01,16.0,193
CHIAPAS,7,2020-04-30,12.0,177
CHIAPAS,7,2020-04-29,24.0,165
CHIAPAS,7,2020-04-28,9.0,141
CHIAPAS,7,2020-04-27,10.0,132
CHIAPAS,7,2020-04-26,4.0,122
CHIAPAS,7,2020-04-25,14.0,118
CHIAPAS,7,2020-04-24,5.0,104
CHIAPAS,7,2020-04-23,12.0,99
CHIAPAS,7,2020-04-22,8.0,87
CHIAPAS,7,2020-04-21,8.0,79
CHIAPAS,7,2020-04-20,1.0,71
CHIAPAS,7,2020-04-19,6.0,70
CHIAPAS,7,2020-04-18,4.0,64
CHIAPAS,7,2020-04-17,5.0,60
CHIAPAS,7,2020-04-16,6.0,55
CHIAPAS,7,2020-04-15,4.0,49
CHIAPAS,7,2020-04-14,2.0,45
CHIAPAS,7,2020-04-13,0.0,43
CHIAPAS,7,2020-04-12,4.0,43
CHIAPAS,7,2020-04-11,1.0,39
CHIAPAS,7,2020-04-10,5.0,38
CHIAPAS,7,2020-04-09,2.0,33
CHIAPAS,7,2020-04-08,4.0,31
CHIAPAS,7,2020-04-07,2.0,27
CHIAPAS,7,2020-04-06,1.0,25
CHIAPAS,7,2020-04-05,5.0,24
CHIAPAS,7,2020-04-04,2.0,19
CHIAPAS,7,2020-04-03,2.0,17
CHIAPAS,7,2020-04-02,1.0,15
CHIAPAS,7,2020-04-01,,14
CHIHUAHUA,8,2020-04-01,,11
CHIHUAHUA,8,2020-04-02,0.0,11
CHIHUAHUA,8,2020-04-03,1.0,12
CHIHUAHUA,8,2020-04-04,2.0,14
CHIHUAHUA,8,2020-04-05,2.0,16
CHIHUAHUA,8,2020-04-06,7.0,23
CHIHUAHUA,8,2020-04-07,0.0,23
CHIHUAHUA,8,2020-04-08,7.0,30
CHIHUAHUA,8,2020-04-09,13.0,43
CHIHUAHUA,8,2020-04-10,12.0,55
CHIHUAHUA,8,2020-04-11,0.0,55
CHIHUAHUA,8,2020-04-12,7.0,62
CHIHUAHUA,8,2020-04-13,6.0,68
CHIHUAHUA,8,2020-04-14,2.0,70
CHIHUAHUA,8,2020-04-15,14.0,84
CHIHUAHUA,8,2020-04-16,23.0,107
CHIHUAHUA,8,2020-04-17,7.0,114
CHIHUAHUA,8,2020-04-18,16.0,130
CHIHUAHUA,8,2020-04-19,16.0,146
CHIHUAHUA,8,2020-04-20,4.0,150
CHIHUAHUA,8,2020-04-21,3.0,153
CHIHUAHUA,8,2020-04-22,21.0,174
CHIHUAHUA,8,2020-04-23,19.0,193
CHIHUAHUA,8,2020-04-24,19.0,212
CHIHUAHUA,8,2020-04-25,28.0,240
CHIHUAHUA,8,2020-04-26,18.0,258
CHIHUAHUA,8,2020-04-27,13.0,271
CHIHUAHUA,8,2020-04-28,43.0,314
CHIHUAHUA,8,2020-04-29,11.0,325
CHIHUAHUA,8,2020-04-30,26.0,351
CHIHUAHUA,8,2020-05-01,49.0,400
CHIHUAHUA,8,2020-05-02,52.0,452
CHIHUAHUA,8,2020-05-03,60.0,512
CHIHUAHUA,8,2020-05-04,20.0,532
CHIHUAHUA,8,2020-05-05,49.0,581
CHIHUAHUA,8,2020-05-06,19.0,600
CIUDAD DE MÉXICO,9,2020-05-06,522.0,7521
CIUDAD DE MÉXICO,9,2020-05-05,214.0,6999
CIUDAD DE MÉXICO,9,2020-05-04,368.0,6785
CIUDAD DE MÉXICO,9,2020-05-03,404.0,6417
CIUDAD DE MÉXICO,9,2020-05-02,465.0,6013
CIUDAD DE MÉXICO,9,2020-05-01,339.0,5548
CIUDAD DE MÉXICO,9,2020-04-30,427.0,5209
CIUDAD DE MÉXICO,9,2020-04-29,308.0,4782
CIUDAD DE MÉXICO,9,2020-04-28,322.0,4474
CIUDAD DE MÉXICO,9,2020-04-27,186.0,4152
CIUDAD DE MÉXICO,9,2020-04-26,202.0,3966
CIUDAD DE MÉXICO,9,2020-04-25,232.0,3764
CIUDAD DE MÉXICO,9,2020-04-24,375.0,3532
CIUDAD DE MÉXICO,9,2020-04-23,342.0,3157
CIUDAD DE MÉXICO,9,2020-04-22,356.0,2815
CIUDAD DE MÉXICO,9,2020-04-21,136.0,2459
CIUDAD DE MÉXICO,9,2020-04-20,91.0,2323
CIUDAD DE MÉXICO,9,2020-04-19,248.0,2232
CIUDAD DE MÉXICO,9,2020-04-18,180.0,1984
CIUDAD DE MÉXICO,9,2020-04-17,212.0,1804
CIUDAD DE MÉXICO,9,2020-04-16,112.0,1592
CIUDAD DE MÉXICO,9,2020-04-15,106.0,1480
CIUDAD DE MÉXICO,9,2020-04-14,108.0,1374
CIUDAD DE MÉXICO,9,2020-04-13,93.0,1266
CIUDAD DE MÉXICO,9,2020-04-12,180.0,1173
CIUDAD DE MÉXICO,9,2020-04-11,76.0,993
CIUDAD DE MÉXICO,9,2020-04-10,107.0,917
CIUDAD DE MÉXICO,9,2020-04-09,44.0,810
CIUDAD DE MÉXICO,9,2020-04-08,113.0,766
CIUDAD DE MÉXICO,9,2020-04-07,101.0,653
CIUDAD DE MÉXICO,9,2020-04-06,60.0,552
CIUDAD DE MÉXICO,9,2020-04-05,95.0,492
CIUDAD DE MÉXICO,9,2020-04-04,65.0,397
CIUDAD DE MÉXICO,9,2020-04-03,33.0,332
CIUDAD DE MÉXICO,9,2020-04-02,14.0,299
CIUDAD DE MÉXICO,9,2020-04-01,,285
DURANGO,10,2020-04-01,,7
DURANGO,10,2020-04-02,1.0,8
DURANGO,10,2020-04-03,0.0,8
DURANGO,10,2020-04-04,2.0,10
DURANGO,10,2020-04-05,2.0,12
DURANGO,10,2020-04-06,0.0,12
DURANGO,10,2020-04-07,3.0,15
DURANGO,10,2020-04-08,0.0,15
DURANGO,10,2020-04-09,1.0,16
DURANGO,10,2020-04-10,2.0,18
DURANGO,10,2020-04-11,0.0,18
DURANGO,10,2020-04-12,0.0,18
DURANGO,10,2020-04-13,0.0,18
DURANGO,10,2020-04-14,,17
DURANGO,10,2020-04-15,1.0,18
DURANGO,10,2020-04-16,0.0,18
DURANGO,10,2020-04-17,2.0,20
DURANGO,10,2020-04-18,0.0,20
DURANGO,10,2020-04-19,2.0,22
DURANGO,10,2020-04-20,1.0,23
DURANGO,10,2020-04-21,8.0,31
DURANGO,10,2020-04-22,2.0,33
DURANGO,10,2020-04-23,5.0,38
DURANGO,10,2020-04-24,2.0,40
DURANGO,10,2020-04-25,2.0,42
DURANGO,10,2020-04-26,2.0,44
DURANGO,10,2020-04-27,1.0,45
DURANGO,10,2020-04-28,11.0,56
DURANGO,10,2020-04-29,2.0,58
DURANGO,10,2020-04-30,8.0,66
DURANGO,10,2020-05-01,4.0,70
DURANGO,10,2020-05-02,3.0,73
DURANGO,10,2020-05-03,2.0,75
DURANGO,10,2020-05-04,5.0,80
DURANGO,10,2020-05-05,0.0,80
DURANGO,10,2020-05-06,11.0,91
GUANAJUATO,11,2020-05-06,14.0,343
GUANAJUATO,11,2020-05-05,14.0,329
GUANAJUATO,11,2020-05-04,7.0,315
GUANAJUATO,11,2020-05-03,18.0,308
GUANAJUATO,11,2020-05-02,7.0,290
GUANAJUATO,11,2020-05-01,20.0,283
GUANAJUATO,11,2020-04-30,24.0,263
GUANAJUATO,11,2020-04-29,18.0,239
GUANAJUATO,11,2020-04-28,5.0,221
GUANAJUATO,11,2020-04-27,10.0,216
GUANAJUATO,11,2020-04-26,8.0,206
GUANAJUATO,11,2020-04-25,5.0,198
GUANAJUATO,11,2020-04-24,10.0,193
GUANAJUATO,11,2020-04-23,10.0,183
GUANAJUATO,11,2020-04-22,14.0,173
GUANAJUATO,11,2020-04-21,8.0,159
GUANAJUATO,11,2020-04-20,17.0,151
GUANAJUATO,11,2020-04-19,16.0,134
GUANAJUATO,11,2020-04-18,4.0,118
GUANAJUATO,11,2020-04-17,17.0,114
GUANAJUATO,11,2020-04-16,5.0,97
GUANAJUATO,11,2020-04-15,1.0,92
GUANAJUATO,11,2020-04-14,2.0,91
GUANAJUATO,11,2020-04-13,6.0,89
GUANAJUATO,11,2020-04-12,1.0,83
GUANAJUATO,11,2020-04-11,3.0,82
GUANAJUATO,11,2020-04-10,7.0,79
GUANAJUATO,11,2020-04-09,4.0,72
GUANAJUATO,11,2020-04-08,6.0,68
GUANAJUATO,11,2020-04-07,3.0,62
GUANAJUATO,11,2020-04-06,5.0,59
GUANAJUATO,11,2020-04-05,0.0,54
GUANAJUATO,11,2020-04-04,1.0,54
GUANAJUATO,11,2020-04-03,2.0,53
GUANAJUATO,11,2020-04-02,1.0,51
GUANAJUATO,11,2020-04-01,,50
GUERRERO,12,2020-04-01,,17
GUERRERO,12,2020-04-02,2.0,19
GUERRERO,12,2020-04-03,2.0,21
GUERRERO,12,2020-04-04,1.0,22
GUERRERO,12,2020-04-05,5.0,27
GUERRERO,12,2020-04-06,5.0,32
GUERRERO,12,2020-04-07,5.0,37
GUERRERO,12,2020-04-08,11.0,48
GUERRERO,12,2020-04-09,2.0,50
GUERRERO,12,2020-04-10,6.0,56
GUERRERO,12,2020-04-11,3.0,59
GUERRERO,12,2020-04-12,14.0,73
GUERRERO,12,2020-04-13,7.0,80
GUERRERO,12,2020-04-14,11.0,91
GUERRERO,12,2020-04-15,9.0,100
GUERRERO,12,2020-04-16,3.0,103
GUERRERO,12,2020-04-17,9.0,112
GUERRERO,12,2020-04-18,0.0,112
GUERRERO,12,2020-04-19,12.0,124
GUERRERO,12,2020-04-20,5.0,129
GUERRERO,12,2020-04-21,1.0,130
GUERRERO,12,2020-04-22,12.0,142
GUERRERO,12,2020-04-23,21.0,163
GUERRERO,12,2020-04-24,8.0,171
GUERRERO,12,2020-04-25,6.0,177
GUERRERO,12,2020-04-26,23.0,200
GUERRERO,12,2020-04-27,15.0,215
GUERRERO,12,2020-04-28,24.0,239
GUERRERO,12,2020-04-29,29.0,268
GUERRERO,12,2020-04-30,13.0,281
GUERRERO,12,2020-05-01,35.0,316
GUERRERO,12,2020-05-02,1.0,317
GUERRERO,12,2020-05-03,25.0,342
GUERRERO,12,2020-05-04,24.0,366
GUERRERO,12,2020-05-05,22.0,388
GUERRERO,12,2020-05-06,25.0,413
HIDALGO,13,2020-05-06,22.0,396
HIDALGO,13,2020-05-05,40.0,374
HIDALGO,13,2020-05-04,22.0,334
HIDALGO,13,2020-05-03,6.0,312
HIDALGO,13,2020-05-02,24.0,306
HIDALGO,13,2020-05-01,21.0,282
HIDALGO,13,2020-04-30,19.0,261
HIDALGO,13,2020-04-29,16.0,242
HIDALGO,13,2020-04-28,36.0,226
HIDALGO,13,2020-04-27,8.0,190
HIDALGO,13,2020-04-26,17.0,182
HIDALGO,13,2020-04-25,10.0,165
HIDALGO,13,2020-04-24,27.0,155
HIDALGO,13,2020-04-23,3.0,128
HIDALGO,13,2020-04-22,12.0,125
HIDALGO,13,2020-04-21,15.0,113
HIDALGO,13,2020-04-20,5.0,98
HIDALGO,13,2020-04-19,13.0,93
HIDALGO,13,2020-04-18,5.0,80
HIDALGO,13,2020-04-17,6.0,75
HIDALGO,13,2020-04-16,3.0,69
HIDALGO,13,2020-04-15,2.0,66
HIDALGO,13,2020-04-14,5.0,64
HIDALGO,13,2020-04-13,0.0,59
HIDALGO,13,2020-04-12,5.0,59
HIDALGO,13,2020-04-11,1.0,54
HIDALGO,13,2020-04-10,3.0,53
HIDALGO,13,2020-04-09,1.0,50
HIDALGO,13,2020-04-08,5.0,49
HIDALGO,13,2020-04-07,6.0,44
HIDALGO,13,2020-04-06,3.0,38
HIDALGO,13,2020-04-05,2.0,35
HIDALGO,13,2020-04-04,2.0,33
HIDALGO,13,2020-04-03,3.0,31
HIDALGO,13,2020-04-02,5.0,28
HIDALGO,13,2020-04-01,,23
JALISCO,14,2020-04-01,,101
JALISCO,14,2020-04-02,6.0,107
JALISCO,14,2020-04-03,12.0,119
JALISCO,14,2020-04-04,2.0,121
JALISCO,14,2020-04-05,5.0,126
JALISCO,14,2020-04-06,3.0,129
JALISCO,14,2020-04-07,9.0,138
JALISCO,14,2020-04-08,4.0,142
JALISCO,14,2020-04-09,,140
JALISCO,14,2020-04-10,7.0,147
JALISCO,14,2020-04-11,6.0,153
JALISCO,14,2020-04-12,5.0,158
JALISCO,14,2020-04-13,3.0,161
JALISCO,14,2020-04-14,5.0,166
JALISCO,14,2020-04-15,12.0,178
JALISCO,14,2020-04-16,2.0,180
JALISCO,14,2020-04-17,9.0,189
JALISCO,14,2020-04-18,6.0,195
JALISCO,14,2020-04-19,2.0,197
JALISCO,14,2020-04-20,18.0,215
JALISCO,14,2020-04-21,10.0,225
JALISCO,14,2020-04-22,10.0,235
JALISCO,14,2020-04-23,19.0,254
JALISCO,14,2020-04-24,9.0,263
JALISCO,14,2020-04-25,8.0,271
JALISCO,14,2020-04-26,11.0,282
JALISCO,14,2020-04-27,21.0,303
JALISCO,14,2020-04-28,13.0,316
JALISCO,14,2020-04-29,10.0,326
JALISCO,14,2020-04-30,21.0,347
JALISCO,14,2020-05-01,28.0,375
JALISCO,14,2020-05-02,12.0,387
JALISCO,14,2020-05-03,30.0,417
JALISCO,14,2020-05-04,30.0,447
JALISCO,14,2020-05-05,22.0,469
JALISCO,14,2020-05-06,23.0,492
MÉXICO,15,2020-05-06,308.0,4661
MÉXICO,15,2020-05-05,151.0,4353
MÉXICO,15,2020-05-04,309.0,4202
MÉXICO,15,2020-05-03,278.0,3893
MÉXICO,15,2020-05-02,193.0,3615
MÉXICO,15,2020-05-01,292.0,3422
MÉXICO,15,2020-04-30,267.0,3130
MÉXICO,15,2020-04-29,141.0,2863
MÉXICO,15,2020-04-28,267.0,2722
MÉXICO,15,2020-04-27,100.0,2455
MÉXICO,15,2020-04-26,117.0,2355
MÉXICO,15,2020-04-25,246.0,2238
MÉXICO,15,2020-04-24,258.0,1992
MÉXICO,15,2020-04-23,141.0,1734
MÉXICO,15,2020-04-22,212.0,1593
MÉXICO,15,2020-04-21,123.0,1381
MÉXICO,15,2020-04-20,51.0,1258
MÉXICO,15,2020-04-19,136.0,1207
MÉXICO,15,2020-04-18,69.0,1071
MÉXICO,15,2020-04-17,99.0,1002
MÉXICO,15,2020-04-16,66.0,903
MÉXICO,15,2020-04-15,78.0,837
MÉXICO,15,2020-04-14,55.0,759
MÉXICO,15,2020-04-13,51.0,704
MÉXICO,15,2020-04-12,55.0,653
MÉXICO,15,2020-04-11,31.0,598
MÉXICO,15,2020-04-10,91.0,567
MÉXICO,15,2020-04-09,52.0,476
MÉXICO,15,2020-04-08,50.0,424
MÉXICO,15,2020-04-07,72.0,374
MÉXICO,15,2020-04-06,69.0,302
MÉXICO,15,2020-04-05,44.0,233
MÉXICO,15,2020-04-04,17.0,189
MÉXICO,15,2020-04-03,12.0,172
MÉXICO,15,2020-04-02,2.0,160
MÉXICO,15,2020-04-01,,158
MICHOACÁN,16,2020-04-01,,23
MICHOACÁN,16,2020-04-02,0.0,23
MICHOACÁN,16,2020-04-03,1.0,24
MICHOACÁN,16,2020-04-04,3.0,27
MICHOACÁN,16,2020-04-05,3.0,30
MICHOACÁN,16,2020-04-06,4.0,34
MICHOACÁN,16,2020-04-07,1.0,35
MICHOACÁN,16,2020-04-08,1.0,36
MICHOACÁN,16,2020-04-09,10.0,46
MICHOACÁN,16,2020-04-10,0.0,46
MICHOACÁN,16,2020-04-11,4.0,50
MICHOACÁN,16,2020-04-12,11.0,61
MICHOACÁN,16,2020-04-13,1.0,62
MICHOACÁN,16,2020-04-14,6.0,68
MICHOACÁN,16,2020-04-15,3.0,71
MICHOACÁN,16,2020-04-16,14.0,85
MICHOACÁN,16,2020-04-17,15.0,100
MICHOACÁN,16,2020-04-18,8.0,108
MICHOACÁN,16,2020-04-19,8.0,116
MICHOACÁN,16,2020-04-20,12.0,128
MICHOACÁN,16,2020-04-21,11.0,139
MICHOACÁN,16,2020-04-22,6.0,145
MICHOACÁN,16,2020-04-23,21.0,166
MICHOACÁN,16,2020-04-24,11.0,177
MICHOACÁN,16,2020-04-25,16.0,193
MICHOACÁN,16,2020-04-26,11.0,204
MICHOACÁN,16,2020-04-27,9.0,213
MICHOACÁN,16,2020-04-28,37.0,250
MICHOACÁN,16,2020-04-29,28.0,278
MICHOACÁN,16,2020-04-30,35.0,313
MICHOACÁN,16,2020-05-01,32.0,345
MICHOACÁN,16,2020-05-02,21.0,366
MICHOACÁN,16,2020-05-03,3.0,369
MICHOACÁN,16,2020-05-04,6.0,375
MICHOACÁN,16,2020-05-05,19.0,394
MICHOACÁN,16,2020-05-06,29.0,423
MORELOS,17,2020-05-06,58.0,612
MORELOS,17,2020-05-05,53.0,554
MORELOS,17,2020-05-04,71.0,501
MORELOS,17,2020-05-03,13.0,430
MORELOS,17,2020-05-02,51.0,417
MORELOS,17,2020-05-01,42.0,366
MORELOS,17,2020-04-30,46.0,324
MORELOS,17,2020-04-29,34.0,278
MORELOS,17,2020-04-28,50.0,244
MORELOS,17,2020-04-27,4.0,194
MORELOS,17,2020-04-26,21.0,190
MORELOS,17,2020-04-25,23.0,169
MORELOS,17,2020-04-24,23.0,146
MORELOS,17,2020-04-23,17.0,123
MORELOS,17,2020-04-22,7.0,106
MORELOS,17,2020-04-21,4.0,99
MORELOS,17,2020-04-20,4.0,95
MORELOS,17,2020-04-19,5.0,91
MORELOS,17,2020-04-18,5.0,86
MORELOS,17,2020-04-17,16.0,81
MORELOS,17,2020-04-16,3.0,65
MORELOS,17,2020-04-15,4.0,62
MORELOS,17,2020-04-14,4.0,58
MORELOS,17,2020-04-13,6.0,54
MORELOS,17,2020-04-12,5.0,48
MORELOS,17,2020-04-11,5.0,43
MORELOS,17,2020-04-10,0.0,38
MORELOS,17,2020-04-09,9.0,38
MORELOS,17,2020-04-08,1.0,29
MORELOS,17,2020-04-07,7.0,28
MORELOS,17,2020-04-06,2.0,21
MORELOS,17,2020-04-05,2.0,19
MORELOS,17,2020-04-04,2.0,17
MORELOS,17,2020-04-03,4.0,15
MORELOS,17,2020-04-02,0.0,11
MORELOS,17,2020-04-01,,11
NAYARIT,18,2020-04-01,,8
NAYARIT,18,2020-04-02,0.0,8
NAYARIT,18,2020-04-03,0.0,8
NAYARIT,18,2020-04-04,1.0,9
NAYARIT,18,2020-04-05,0.0,9
NAYARIT,18,2020-04-06,2.0,11
NAYARIT,18,2020-04-07,0.0,11
NAYARIT,18,2020-04-08,2.0,13
NAYARIT,18,2020-04-09,4.0,17
NAYARIT,18,2020-04-10,3.0,20
NAYARIT,18,2020-04-11,2.0,22
NAYARIT,18,2020-04-12,2.0,24
NAYARIT,18,2020-04-13,3.0,27
NAYARIT,18,2020-04-14,1.0,28
NAYARIT,18,2020-04-15,1.0,29
NAYARIT,18,2020-04-16,2.0,31
NAYARIT,18,2020-04-17,4.0,35
NAYARIT,18,2020-04-18,2.0,37
NAYARIT,18,2020-04-19,2.0,39
NAYARIT,18,2020-04-20,2.0,41
NAYARIT,18,2020-04-21,4.0,45
NAYARIT,18,2020-04-22,2.0,47
NAYARIT,18,2020-04-23,7.0,54
NAYARIT,18,2020-04-24,2.0,56
NAYARIT,18,2020-04-25,3.0,59
NAYARIT,18,2020-04-26,4.0,63
NAYARIT,18,2020-04-27,1.0,64
NAYARIT,18,2020-04-28,3.0,67
NAYARIT,18,2020-04-29,5.0,72
NAYARIT,18,2020-04-30,21.0,93
NAYARIT,18,2020-05-01,3.0,96
NAYARIT,18,2020-05-02,10.0,106
NAYARIT,18,2020-05-03,9.0,115
NAYARIT,18,2020-05-04,9.0,124
NAYARIT,18,2020-05-05,9.0,133
NAYARIT,18,2020-05-06,18.0,151
NUEVO LEÓN,19,2020-05-06,42.0,511
NUEVO LEÓN,19,2020-05-05,27.0,469
NUEVO LEÓN,19,2020-05-04,24.0,442
NUEVO LEÓN,19,2020-05-03,12.0,418
NUEVO LEÓN,19,2020-05-02,40.0,406
NUEVO LEÓN,19,2020-05-01,32.0,366
NUEVO LEÓN,19,2020-04-30,21.0,334
NUEVO LEÓN,19,2020-04-29,14.0,313
NUEVO LEÓN,19,2020-04-28,15.0,299
NUEVO LEÓN,19,2020-04-27,8.0,284
NUEVO LEÓN,19,2020-04-26,5.0,276
NUEVO LEÓN,19,2020-04-25,11.0,271
NUEVO LEÓN,19,2020-04-24,11.0,260
NUEVO LEÓN,19,2020-04-23,38.0,249
NUEVO LEÓN,19,2020-04-22,17.0,211
NUEVO LEÓN,19,2020-04-21,1.0,194
NUEVO LEÓN,19,2020-04-20,19.0,193
NUEVO LEÓN,19,2020-04-19,5.0,174
NUEVO LEÓN,19,2020-04-18,13.0,169
NUEVO LEÓN,19,2020-04-17,0.0,156
NUEVO LEÓN,19,2020-04-16,11.0,156
NUEVO LEÓN,19,2020-04-15,14.0,145
NUEVO LEÓN,19,2020-04-14,4.0,131
NUEVO LEÓN,19,2020-04-13,8.0,127
NUEVO LEÓN,19,2020-04-12,4.0,119
NUEVO LEÓN,19,2020-04-11,8.0,115
NUEVO LEÓN,19,2020-04-10,3.0,107
NUEVO LEÓN,19,2020-04-09,9.0,104
NUEVO LEÓN,19,2020-04-08,4.0,95
NUEVO LEÓN,19,2020-04-07,0.0,91
NUEVO LEÓN,19,2020-04-06,3.0,91
NUEVO LEÓN,19,2020-04-05,3.0,88
NUEVO LEÓN,19,2020-04-04,2.0,85
NUEVO LEÓN,19,2020-04-03,1.0,83
NUEVO LEÓN,19,2020-04-02,4.0,82
NUEVO LEÓN,19,2020-04-01,,78
OAXACA,20,2020-04-01,,23
OAXACA,20,2020-04-02,0.0,23
OAXACA,20,2020-04-03,0.0,23
OAXACA,20,2020-04-04,0.0,23
OAXACA,20,2020-04-05,1.0,24
OAXACA,20,2020-04-06,4.0,28
OAXACA,20,2020-04-07,8.0,36
OAXACA,20,2020-04-08,2.0,38
OAXACA,20,2020-04-09,3.0,41
OAXACA,20,2020-04-10,1.0,42
OAXACA,20,2020-04-11,2.0,44
OAXACA,20,2020-04-12,0.0,44
OAXACA,20,2020-04-13,0.0,44
OAXACA,20,2020-04-14,2.0,46
OAXACA,20,2020-04-15,4.0,50
OAXACA,20,2020-04-16,4.0,54
OAXACA,20,2020-04-17,3.0,57
OAXACA,20,2020-04-18,6.0,63
OAXACA,20,2020-04-19,1.0,64
OAXACA,20,2020-04-20,6.0,70
OAXACA,20,2020-04-21,3.0,73
OAXACA,20,2020-04-22,8.0,81
OAXACA,20,2020-04-23,6.0,87
OAXACA,20,2020-04-24,2.0,89
OAXACA,20,2020-04-25,15.0,104
OAXACA,20,2020-04-26,2.0,106
OAXACA,20,2020-04-27,11.0,117
OAXACA,20,2020-04-28,4.0,121
OAXACA,20,2020-04-29,9.0,130
OAXACA,20,2020-04-30,8.0,138
OAXACA,20,2020-05-01,9.0,147
OAXACA,20,2020-05-02,16.0,163
OAXACA,20,2020-05-03,3.0,166
OAXACA,20,2020-05-04,6.0,172
OAXACA,20,2020-05-05,13.0,185
OAXACA,20,2020-05-06,17.0,202
PUEBLA,21,2020-05-06,30.0,910
PUEBLA,21,2020-05-05,38.0,880
PUEBLA,21,2020-05-04,36.0,842
PUEBLA,21,2020-05-03,51.0,806
PUEBLA,21,2020-05-02,47.0,755
PUEBLA,21,2020-05-01,69.0,708
PUEBLA,21,2020-04-30,18.0,639
PUEBLA,21,2020-04-29,38.0,621
PUEBLA,21,2020-04-28,31.0,583
PUEBLA,21,2020-04-27,41.0,552
PUEBLA,21,2020-04-26,28.0,511
PUEBLA,21,2020-04-25,29.0,483
PUEBLA,21,2020-04-24,40.0,454
PUEBLA,21,2020-04-23,26.0,414
PUEBLA,21,2020-04-22,5.0,388
PUEBLA,21,2020-04-21,24.0,383
PUEBLA,21,2020-04-20,8.0,359
PUEBLA,21,2020-04-19,20.0,351
PUEBLA,21,2020-04-18,16.0,331
PUEBLA,21,2020-04-17,8.0,315
PUEBLA,21,2020-04-16,13.0,307
PUEBLA,21,2020-04-15,16.0,294
PUEBLA,21,2020-04-14,7.0,278
PUEBLA,21,2020-04-13,16.0,271
PUEBLA,21,2020-04-12,13.0,255
PUEBLA,21,2020-04-11,27.0,242
PUEBLA,21,2020-04-10,18.0,215
PUEBLA,21,2020-04-09,15.0,197
PUEBLA,21,2020-04-08,5.0,182
PUEBLA,21,2020-04-07,23.0,177
PUEBLA,21,2020-04-06,9.0,154
PUEBLA,21,2020-04-05,21.0,145
PUEBLA,21,2020-04-04,17.0,124
PUEBLA,21,2020-04-03,8.0,107
PUEBLA,21,2020-04-02,3.0,99
PUEBLA,21,2020-04-01,,96
QUERETARO,22,2020-04-01,,27
QUERETARO,22,2020-04-02,2.0,29
QUERETARO,22,2020-04-03,3.0,32
QUERETARO,22,2020-04-04,1.0,33
QUERETARO,22,2020-04-05,2.0,35
QUERETARO,22,2020-04-06,3.0,38
QUERETARO,22,2020-04-07,5.0,43
QUERETARO,22,2020-04-08,2.0,45
QUERETARO,22,2020-04-09,3.0,48
QUERETARO,22,2020-04-10,5.0,53
QUERETARO,22,2020-04-11,2.0,55
QUERETARO,22,2020-04-12,4.0,59
QUERETARO,22,2020-04-13,0.0,59
QUERETARO,22,2020-04-14,4.0,63
QUERETARO,22,2020-04-15,4.0,67
QUERETARO,22,2020-04-16,7.0,74
QUERETARO,22,2020-04-17,3.0,77
QUERETARO,22,2020-04-18,2.0,79
QUERETARO,22,2020-04-19,2.0,81
QUERETARO,22,2020-04-20,4.0,85
QUERETARO,22,2020-04-21,1.0,86
QUERETARO,22,2020-04-22,4.0,90
QUERETARO,22,2020-04-23,3.0,93
QUERETARO,22,2020-04-24,10.0,103
QUERETARO,22,2020-04-25,6.0,109
QUERETARO,22,2020-04-26,2.0,111
QUERETARO,22,2020-04-27,10.0,121
QUERETARO,22,2020-04-28,2.0,123
QUERETARO,22,2020-04-29,5.0,128
QUERETARO,22,2020-04-30,5.0,133
QUERETARO,22,2020-05-01,13.0,146
QUERETARO,22,2020-05-02,5.0,151
QUERETARO,22,2020-05-03,6.0,157
QUERETARO,22,2020-05-04,8.0,165
QUERETARO,22,2020-05-05,2.0,167
QUERETARO,22,2020-05-06,12.0,179
QUINTANA ROO,23,2020-05-06,25.0,980
QUINTANA ROO,23,2020-05-05,33.0,955
QUINTANA ROO,23,2020-05-04,11.0,922
QUINTANA ROO,23,2020-05-03,22.0,911
QUINTANA ROO,23,2020-05-02,59.0,889
QUINTANA ROO,23,2020-05-01,42.0,830
QUINTANA ROO,23,2020-04-30,77.0,788
QUINTANA ROO,23,2020-04-29,13.0,711
QUINTANA ROO,23,2020-04-28,45.0,698
QUINTANA ROO,23,2020-04-27,49.0,653
QUINTANA ROO,23,2020-04-26,54.0,604
QUINTANA ROO,23,2020-04-25,31.0,550
QUINTANA ROO,23,2020-04-24,51.0,519
QUINTANA ROO,23,2020-04-23,36.0,468
QUINTANA ROO,23,2020-04-22,34.0,432
QUINTANA ROO,23,2020-04-21,34.0,398
QUINTANA ROO,23,2020-04-20,39.0,364
QUINTANA ROO,23,2020-04-19,8.0,325
QUINTANA ROO,23,2020-04-18,35.0,317
QUINTANA ROO,23,2020-04-17,3.0,282
QUINTANA ROO,23,2020-04-16,7.0,279
QUINTANA ROO,23,2020-04-15,24.0,272
QUINTANA ROO,23,2020-04-14,6.0,248
QUINTANA ROO,23,2020-04-13,16.0,242
QUINTANA ROO,23,2020-04-12,7.0,226
QUINTANA ROO,23,2020-04-11,53.0,219
QUINTANA ROO,23,2020-04-10,4.0,166
QUINTANA ROO,23,2020-04-09,16.0,162
QUINTANA ROO,23,2020-04-08,8.0,146
QUINTANA ROO,23,2020-04-07,20.0,138
QUINTANA ROO,23,2020-04-06,29.0,118
QUINTANA ROO,23,2020-04-05,14.0,89
QUINTANA ROO,23,2020-04-04,9.0,75
QUINTANA ROO,23,2020-04-03,9.0,66
QUINTANA ROO,23,2020-04-02,5.0,57
QUINTANA ROO,23,2020-04-01,,52
SAN LUIS POTOSÍ,24,2020-04-01,,31
SAN LUIS POTOSÍ,24,2020-04-02,2.0,33
SAN LUIS POTOSÍ,24,2020-04-03,2.0,35
SAN LUIS POTOSÍ,24,2020-04-04,0.0,35
SAN LUIS POTOSÍ,24,2020-04-05,2.0,37
SAN LUIS POTOSÍ,24,2020-04-06,0.0,37
SAN LUIS POTOSÍ,24,2020-04-07,4.0,41
SAN LUIS POTOSÍ,24,2020-04-08,2.0,43
SAN LUIS POTOSÍ,24,2020-04-09,4.0,47
SAN LUIS POTOSÍ,24,2020-04-10,1.0,48
SAN LUIS POTOSÍ,24,2020-04-11,3.0,51
SAN LUIS POTOSÍ,24,2020-04-12,1.0,52
SAN LUIS POTOSÍ,24,2020-04-13,2.0,54
SAN LUIS POTOSÍ,24,2020-04-14,0.0,54
SAN LUIS POTOSÍ,24,2020-04-15,1.0,55
SAN LUIS POTOSÍ,24,2020-04-16,0.0,55
SAN LUIS POTOSÍ,24,2020-04-17,2.0,57
SAN LUIS POTOSÍ,24,2020-04-18,1.0,58
SAN LUIS POTOSÍ,24,2020-04-19,4.0,62
SAN LUIS POTOSÍ,24,2020-04-20,3.0,65
SAN LUIS POTOSÍ,24,2020-04-21,1.0,66
SAN LUIS POTOSÍ,24,2020-04-22,1.0,67
SAN LUIS POTOSÍ,24,2020-04-23,5.0,72
SAN LUIS POTOSÍ,24,2020-04-24,0.0,72
SAN LUIS POTOSÍ,24,2020-04-25,3.0,75
SAN LUIS POTOSÍ,24,2020-04-26,3.0,78
SAN LUIS POTOSÍ,24,2020-04-27,5.0,83
SAN LUIS POTOSÍ,24,2020-04-28,2.0,85
SAN LUIS POTOSÍ,24,2020-04-29,13.0,98
SAN LUIS POTOSÍ,24,2020-04-30,10.0,108
SAN LUIS POTOSÍ,24,2020-05-01,13.0,121
SAN LUIS POTOSÍ,24,2020-05-02,10.0,131
SAN LUIS POTOSÍ,24,2020-05-03,15.0,146
SAN LUIS POTOSÍ,24,2020-05-04,11.0,157
SAN LUIS POTOSÍ,24,2020-05-05,10.0,167
SAN LUIS POTOSÍ,24,2020-05-06,20.0,187
SINALOA,25,2020-05-06,53.0,1248
SINALOA,25,2020-05-05,34.0,1195
SINALOA,25,2020-05-04,42.0,1161
SINALOA,25,2020-05-03,43.0,1119
SINALOA,25,2020-05-02,68.0,1076
SINALOA,25,2020-05-01,143.0,1008
SINALOA,25,2020-04-30,44.0,865
SINALOA,25,2020-04-29,18.0,821
SINALOA,25,2020-04-28,8.0,803
SINALOA,25,2020-04-27,48.0,795
SINALOA,25,2020-04-26,39.0,747
SINALOA,25,2020-04-25,18.0,708
SINALOA,25,2020-04-24,76.0,690
SINALOA,25,2020-04-23,46.0,614
SINALOA,25,2020-04-22,60.0,568
SINALOA,25,2020-04-21,24.0,508
SINALOA,25,2020-04-20,27.0,484
SINALOA,25,2020-04-19,46.0,457
SINALOA,25,2020-04-18,39.0,411
SINALOA,25,2020-04-17,46.0,372
SINALOA,25,2020-04-16,35.0,326
SINALOA,25,2020-04-15,31.0,291
SINALOA,25,2020-04-14,16.0,260
SINALOA,25,2020-04-13,16.0,244
SINALOA,25,2020-04-12,15.0,228
SINALOA,25,2020-04-11,43.0,213
SINALOA,25,2020-04-10,32.0,170
SINALOA,25,2020-04-09,13.0,138
SINALOA,25,2020-04-08,14.0,125
SINALOA,25,2020-04-07,14.0,111
SINALOA,25,2020-04-06,7.0,97
SINALOA,25,2020-04-05,16.0,90
SINALOA,25,2020-04-04,23.0,74
SINALOA,25,2020-04-03,9.0,51
SINALOA,25,2020-04-02,10.0,42
SINALOA,25,2020-04-01,,32
SONORA,26,2020-04-01,,18
SONORA,26,2020-04-02,3.0,21
SONORA,26,2020-04-03,1.0,22
SONORA,26,2020-04-04,4.0,26
SONORA,26,2020-04-05,1.0,27
SONORA,26,2020-04-06,2.0,29
SONORA,26,2020-04-07,8.0,37
SONORA,26,2020-04-08,10.0,47
SONORA,26,2020-04-09,2.0,49
SONORA,26,2020-04-10,7.0,56
SONORA,26,2020-04-11,9.0,65
SONORA,26,2020-04-12,4.0,69
SONORA,26,2020-04-13,5.0,74
SONORA,26,2020-04-14,1.0,75
SONORA,26,2020-04-15,5.0,80
SONORA,26,2020-04-16,11.0,91
SONORA,26,2020-04-17,10.0,101
SONORA,26,2020-04-18,11.0,112
SONORA,26,2020-04-19,9.0,121
SONORA,26,2020-04-20,0.0,121
SONORA,26,2020-04-21,,118
SONORA,26,2020-04-22,14.0,132
SONORA,26,2020-04-23,7.0,139
SONORA,26,2020-04-24,11.0,150
SONORA,26,2020-04-25,,149
SONORA,26,2020-04-26,18.0,167
SONORA,26,2020-04-27,15.0,182
SONORA,26,2020-04-28,8.0,190
SONORA,26,2020-04-29,12.0,202
SONORA,26,2020-04-30,13.0,215
SONORA,26,2020-05-01,25.0,240
SONORA,26,2020-05-02,9.0,249
SONORA,26,2020-05-03,17.0,266
SONORA,26,2020-05-04,14.0,280
SONORA,26,2020-05-05,27.0,307
SONORA,26,2020-05-06,35.0,342
TABASCO,27,2020-05-06,42.0,1319
TABASCO,27,2020-05-05,30.0,1277
TABASCO,27,2020-05-04,51.0,1247
TABASCO,27,2020-05-03,119.0,1196
TABASCO,27,2020-05-02,11.0,1077
TABASCO,27,2020-05-01,82.0,1066
TABASCO,27,2020-04-30,43.0,984
TABASCO,27,2020-04-29,51.0,941
TABASCO,27,2020-04-28,71.0,890
TABASCO,27,2020-04-27,91.0,819
TABASCO,27,2020-04-26,21.0,728
TABASCO,27,2020-04-25,58.0,707
TABASCO,27,2020-04-24,53.0,649
TABASCO,27,2020-04-23,86.0,596
TABASCO,27,2020-04-22,37.0,510
TABASCO,27,2020-04-21,70.0,473
TABASCO,27,2020-04-20,62.0,403
TABASCO,27,2020-04-19,58.0,341
TABASCO,27,2020-04-18,28.0,283
TABASCO,27,2020-04-17,17.0,255
TABASCO,27,2020-04-16,23.0,238
TABASCO,27,2020-04-15,18.0,215
TABASCO,27,2020-04-14,39.0,197
TABASCO,27,2020-04-13,6.0,158
TABASCO,27,2020-04-12,9.0,152
TABASCO,27,2020-04-11,9.0,143
TABASCO,27,2020-04-10,20.0,134
TABASCO,27,2020-04-09,1.0,114
TABASCO,27,2020-04-08,5.0,113
TABASCO,27,2020-04-07,0.0,108
TABASCO,27,2020-04-06,10.0,108
TABASCO,27,2020-04-05,15.0,98
TABASCO,27,2020-04-04,13.0,83
TABASCO,27,2020-04-03,8.0,70
TABASCO,27,2020-04-02,10.0,62
TABASCO,27,2020-04-01,,52
TAMAULIPAS,28,2020-04-01,,10
TAMAULIPAS,28,2020-04-02,4.0,14
TAMAULIPAS,28,2020-04-03,2.0,16
TAMAULIPAS,28,2020-04-04,3.0,19
TAMAULIPAS,28,2020-04-05,9.0,28
TAMAULIPAS,28,2020-04-06,5.0,33
TAMAULIPAS,28,2020-04-07,1.0,34
TAMAULIPAS,28,2020-04-08,11.0,45
TAMAULIPAS,28,2020-04-09,3.0,48
TAMAULIPAS,28,2020-04-10,2.0,50
TAMAULIPAS,28,2020-04-11,1.0,51
TAMAULIPAS,28,2020-04-12,5.0,56
TAMAULIPAS,28,2020-04-13,1.0,57
TAMAULIPAS,28,2020-04-14,2.0,59
TAMAULIPAS,28,2020-04-15,5.0,64
TAMAULIPAS,28,2020-04-16,18.0,82
TAMAULIPAS,28,2020-04-17,13.0,95
TAMAULIPAS,28,2020-04-18,24.0,119
TAMAULIPAS,28,2020-04-19,9.0,128
TAMAULIPAS,28,2020-04-20,6.0,134
TAMAULIPAS,28,2020-04-21,11.0,145
TAMAULIPAS,28,2020-04-22,20.0,165
TAMAULIPAS,28,2020-04-23,25.0,190
TAMAULIPAS,28,2020-04-24,14.0,204
TAMAULIPAS,28,2020-04-25,12.0,216
TAMAULIPAS,28,2020-04-26,45.0,261
TAMAULIPAS,28,2020-04-27,26.0,287
TAMAULIPAS,28,2020-04-28,8.0,295
TAMAULIPAS,28,2020-04-29,13.0,308
TAMAULIPAS,28,2020-04-30,7.0,315
TAMAULIPAS,28,2020-05-01,23.0,338
TAMAULIPAS,28,2020-05-02,24.0,362
TAMAULIPAS,28,2020-05-03,18.0,380
TAMAULIPAS,28,2020-05-04,8.0,388
TAMAULIPAS,28,2020-05-05,8.0,396
TAMAULIPAS,28,2020-05-06,19.0,415
TLAXCALA,29,2020-05-06,19.0,280
TLAXCALA,29,2020-05-05,11.0,261
TLAXCALA,29,2020-05-04,12.0,250
TLAXCALA,29,2020-05-03,9.0,238
TLAXCALA,29,2020-05-02,12.0,229
TLAXCALA,29,2020-05-01,24.0,217
TLAXCALA,29,2020-04-30,14.0,193
TLAXCALA,29,2020-04-29,20.0,179
TLAXCALA,29,2020-04-28,20.0,159
TLAXCALA,29,2020-04-27,5.0,139
TLAXCALA,29,2020-04-26,7.0,134
TLAXCALA,29,2020-04-25,15.0,127
TLAXCALA,29,2020-04-24,11.0,112
TLAXCALA,29,2020-04-23,9.0,101
TLAXCALA,29,2020-04-22,14.0,92
TLAXCALA,29,2020-04-21,5.0,78
TLAXCALA,29,2020-04-20,2.0,73
TLAXCALA,29,2020-04-19,4.0,71
TLAXCALA,29,2020-04-18,5.0,67
TLAXCALA,29,2020-04-17,4.0,62
TLAXCALA,29,2020-04-16,3.0,58
TLAXCALA,29,2020-04-15,6.0,55
TLAXCALA,29,2020-04-14,2.0,49
TLAXCALA,29,2020-04-13,7.0,47
TLAXCALA,29,2020-04-12,2.0,40
TLAXCALA,29,2020-04-11,5.0,38
TLAXCALA,29,2020-04-10,4.0,33
TLAXCALA,29,2020-04-09,6.0,29
TLAXCALA,29,2020-04-08,6.0,23
TLAXCALA,29,2020-04-07,4.0,17
TLAXCALA,29,2020-04-06,3.0,13
TLAXCALA,29,2020-04-05,3.0,10
TLAXCALA,29,2020-04-04,0.0,7
TLAXCALA,29,2020-04-03,3.0,7
TLAXCALA,29,2020-04-02,0.0,4
TLAXCALA,29,2020-04-01,,4
VERACRUZ,30,2020-04-01,,28
VERACRUZ,30,2020-04-02,,22
VERACRUZ,30,2020-04-03,6.0,28
VERACRUZ,30,2020-04-04,2.0,30
VERACRUZ,30,2020-04-05,3.0,33
VERACRUZ,30,2020-04-06,8.0,41
VERACRUZ,30,2020-04-07,5.0,46
VERACRUZ,30,2020-04-08,4.0,50
VERACRUZ,30,2020-04-09,6.0,56
VERACRUZ,30,2020-04-10,10.0,66
VERACRUZ,30,2020-04-11,10.0,76
VERACRUZ,30,2020-04-12,6.0,82
VERACRUZ,30,2020-04-13,6.0,88
VERACRUZ,30,2020-04-14,12.0,100
VERACRUZ,30,2020-04-15,14.0,114
VERACRUZ,30,2020-04-16,7.0,121
VERACRUZ,30,2020-04-17,9.0,130
VERACRUZ,30,2020-04-18,5.0,135
VERACRUZ,30,2020-04-19,26.0,161
VERACRUZ,30,2020-04-20,10.0,171
VERACRUZ,30,2020-04-21,8.0,179
VERACRUZ,30,2020-04-22,33.0,212
VERACRUZ,30,2020-04-23,38.0,250
VERACRUZ,30,2020-04-24,38.0,288
VERACRUZ,30,2020-04-25,31.0,319
VERACRUZ,30,2020-04-26,35.0,354
VERACRUZ,30,2020-04-27,69.0,423
VERACRUZ,30,2020-04-28,42.0,465
VERACRUZ,30,2020-04-29,49.0,514
VERACRUZ,30,2020-04-30,61.0,575
VERACRUZ,30,2020-05-01,42.0,617
VERACRUZ,30,2020-05-02,55.0,672
VERACRUZ,30,2020-05-03,33.0,705
VERACRUZ,30,2020-05-04,98.0,803
VERACRUZ,30,2020-05-05,33.0,836
VERACRUZ,30,2020-05-06,36.0,872
YUCATÁN,31,2020-05-06,40.0,688
YUCATÁN,31,2020-05-05,40.0,648
YUCATÁN,31,2020-05-04,20.0,608
YUCATÁN,31,2020-05-03,55.0,588
YUCATÁN,31,2020-05-02,44.0,533
YUCATÁN,31,2020-05-01,41.0,489
YUCATÁN,31,2020-04-30,44.0,448
YUCATÁN,31,2020-04-29,26.0,404
YUCATÁN,31,2020-04-28,25.0,378
YUCATÁN,31,2020-04-27,30.0,353
YUCATÁN,31,2020-04-26,21.0,323
YUCATÁN,31,2020-04-25,54.0,302
YUCATÁN,31,2020-04-24,10.0,248
YUCATÁN,31,2020-04-23,34.0,238
YUCATÁN,31,2020-04-22,5.0,204
YUCATÁN,31,2020-04-21,4.0,199
YUCATÁN,31,2020-04-20,15.0,195
YUCATÁN,31,2020-04-19,3.0,180
YUCATÁN,31,2020-04-18,32.0,177
YUCATÁN,31,2020-04-17,9.0,145
YUCATÁN,31,2020-04-16,4.0,136
YUCATÁN,31,2020-04-15,13.0,132
YUCATÁN,31,2020-04-14,3.0,119
YUCATÁN,31,2020-04-13,7.0,116
YUCATÁN,31,2020-04-12,4.0,109
YUCATÁN,31,2020-04-11,15.0,105
YUCATÁN,31,2020-04-10,1.0,90
YUCATÁN,31,2020-04-09,15.0,89
YUCATÁN,31,2020-04-08,0.0,74
YUCATÁN,31,2020-04-07,2.0,74
YUCATÁN,31,2020-04-06,5.0,72
YUCATÁN,31,2020-04-05,4.0,67
YUCATÁN,31,2020-04-04,3.0,63
YUCATÁN,31,2020-04-03,6.0,60
YUCATÁN,31,2020-04-02,1.0,54
YUCATÁN,31,2020-04-01,,53
ZACATECAS,32,2020-04-01,,6
ZACATECAS,32,2020-04-02,1.0,7
ZACATECAS,32,2020-04-03,0.0,7
ZACATECAS,32,2020-04-04,3.0,10
ZACATECAS,32,2020-04-05,0.0,10
ZACATECAS,32,2020-04-06,,9
ZACATECAS,32,2020-04-07,1.0,10
ZACATECAS,32,2020-04-08,2.0,12
ZACATECAS,32,2020-04-09,0.0,12
ZACATECAS,32,2020-04-10,3.0,15
ZACATECAS,32,2020-04-11,0.0,15
ZACATECAS,32,2020-04-12,1.0,16
ZACATECAS,32,2020-04-13,1.0,17
ZACATECAS,32,2020-04-14,1.0,18
ZACATECAS,32,2020-04-15,1.0,19
ZACATECAS,32,2020-04-16,,18
ZACATECAS,32,2020-04-17,5.0,23
ZACATECAS,32,2020-04-18,4.0,27
ZACATECAS,32,2020-04-19,1.0,28
ZACATECAS,32,2020-04-20,4.0,32
ZACATECAS,32,2020-04-21,1.0,33
ZACATECAS,32,2020-04-22,11.0,44
ZACATECAS,32,2020-04-23,4.0,48
ZACATECAS,32,2020-04-24,3.0,51
ZACATECAS,32,2020-04-25,7.0,58
ZACATECAS,32,2020-04-26,8.0,66
ZACATECAS,32,2020-04-27,0.0,66
ZACATECAS,32,2020-04-28,2.0,68
ZACATECAS,32,2020-04-29,2.0,70
ZACATECAS,32,2020-04-30,7.0,77
ZACATECAS,32,2020-05-01,10.0,87
ZACATECAS,32,2020-05-02,7.0,94
ZACATECAS,32,2020-05-03,5.0,99
ZACATECAS,32,2020-05-04,11.0,110
ZACATECAS,32,2020-05-05,3.0,113
ZACATECAS,32,2020-05-06,6.0,119
